parent_id,first_name,last_name,email,phone_number
1,Rajesh,Gupta,rajesh.gupta@gmail.com,"+91 9876543210"
2,Anita,Patel,anita.patel@gmail.com,"+91 9876543211"
3,Vikram,Sharma,vikram.sharma@gmail.com,"+91 9876543212"
4,Priya,Nair,priya.nair@gmail.com,"+91 9876543213"
5,Sunil,Reddy,sunil.reddy@gmail.com,"+91 9876543214"
6,Meena,Rao,meena.rao@gmail.com,"+91 9876543215"
7,Amit,Singh,amit.singh@gmail.com,"+91 9876543216"
8,Lakshmi,Iyer,lakshmi.iyer@gmail.com,"+91 9876543217"
9,Arun,Mehta,arun.mehta@gmail.com,"+91 9876543218"
10,Pooja,Kumar,pooja.kumar@gmail.com,"+91 9876543219"
11,Naveen,Joshi,naveen.joshi@gmail.com,"+91 9876543220"
12,Kavita,Desai,kavita.desai@gmail.com,"+91 9876543221"
13,Rakesh,Verma,rakesh.verma@gmail.com,"+91 9876543222"
14,Shalini,Shah,shalini.shah@gmail.com,"+91 9876543223"
15,Suresh,Chopra,suresh.chopra@gmail.com,"+91 9876543224"
16,Geeta,Menon,geeta.menon@gmail.com,"+91 9876543225"
17,Kiran,Kulkarni,kiran.kulkarni@gmail.com,"+91 9876543226"
18,Manoj,Yadav,manoj.yadav@gmail.com,"+91 9876543227"
19,Swati,Banerjee,swati.banerjee@gmail.com,"+91 9876543228"
20,Vivek,Kapoor,vivek.kapoor@gmail.com,"+91 9876543229"
21,Divya,Sinha,divya.sinha@gmail.com,"+91 9876543230"
22,Pradeep,Bose,pradeep.bose@gmail.com,"+91 9876543231"
23,Rekha,Gupta,rekha.gupta@gmail.com,"+91 9876543232"
24,Mahesh,Mishra,mahesh.mishra@gmail.com,"+91 9876543233"
25,Smita,Rao,smita.rao@gmail.com,"+91 9876543234"
26,Anil,Bhat,anil.bhat@gmail.com,"+91 9876543235"
27,Neha,Sharma,neha.sharma@gmail.com,"+91 9876543236"
28,Rajiv,Thakur,rajiv.thakur@gmail.com,"+91 9876543237"
29,Sarita,Naik,sarita.naik@gmail.com,"+91 9876543238"
30,Ashok,Pillai,ashok.pillai@gmail.com,"+91 9876543239"
